words,digits
two thousand two hundred sixty nine,2269
three thousand nine hundred ninety seven,3997
two thousand seven hundred sixteen,2716
four hundred ninety two thousand thirty seven,492037
five hundred ninety six thousand four hundred sixty three,596463
seven hundred forty six thousand nine hundred forty eight,746948
four thousand one hundred thirty four,4134
thirty seven thousand five hundred three,37503
eight thousand fifty seven,8057
ten thousand twenty three,10023
eight thousand three hundred thirty two,8332
two hundred forty eight thousand eight hundred four,248804
seven thousand two hundred sixty seven,7267
one thousand eighty one,1081
seventeen,17
thirty five,35
five thousand three hundred fifty one,5351
six thousand five hundred thirty seven,6537
nine hundred forty seven thousand seven hundred thirteen,947713
two hundred nineteen,219
nine thousand five hundred eighty one,9581
three hundred forty two thousand twenty,342020
twenty one thousand eight hundred ninety,21890
ninety,90
three hundred forty two thousand six hundred twenty,342620
fifty eight thousand two hundred seventy four,58274
nine hundred forty two thousand three hundred sixty one,942361
sixteen thousand four hundred eighty four,16484
fourteen thousand four hundred sixty nine,14469
nine hundred twenty seven,927
one hundred eighty two,182
seven hundred fifty one,751
five thousand five hundred sixty nine,5569
fifty two,52
two hundred twenty five thousand seven,225007
twenty six thousand four hundred ninety eight,26498
fifty six,56
thirty nine,39
forty three thousand eight hundred sixty three,43863
nine hundred twenty thousand two hundred forty seven,920247
two thousand seven hundred ninety three,2793
one hundred eighty six,186
forty three thousand five hundred twenty,43520
two hundred seventy six,276
five hundred fifty nine,559
seven hundred twenty four thousand four hundred ninety eight,724498
eighty two thousand six hundred thirty three,82633
two hundred seventy,270
ten thousand one hundred fifty,10150
three hundred thirty four thousand one hundred seventy two,334172
twenty nine thousand five hundred eighteen,29518
nine hundred ninety nine,999
eight hundred eighty two thousand five hundred sixty one,882561
forty four thousand three hundred fifteen,44315
five hundred twenty four thousand four hundred thirty four,524434
six thousand three hundred thirty four,6334
seven hundred twenty four thousand six hundred fifty four,724654
eighty nine thousand eighty four,89084
nine hundred forty nine,949
three hundred seventy four thousand nine hundred seven,374907
one hundred fifty nine thousand one hundred fifty seven,159157
nine hundred,900
eight hundred thirty six,836
seventy five,75
seven hundred sixty four thousand seven hundred seventy six,764776
six hundred eight thousand six hundred fourteen,608614
eight thousand two hundred sixty two,8262
six hundred forty four,644
one hundred three thousand ten,103010
fourteen thousand nine hundred twenty seven,14927
ninety one,91
forty four thousand one hundred ninety four,44194
four thousand three hundred nineteen,4319
fifty seven,57
one hundred thirty six thousand five hundred forty seven,136547
fifteen thousand one hundred eighty three,15183
two hundred seventy three thousand six hundred seventy nine,273679
ninety six,96
two hundred four,204
six thousand five hundred fifty six,6556
twenty three,23
sixty five thousand seven hundred thirty one,65731
twenty five thousand eight hundred forty seven,25847
forty one thousand three hundred forty two,41342
two hundred seventy two,272
three hundred sixty seven,367
three hundred thirty six,336
five thousand seventy one,5071
ninety two thousand five hundred twenty six,92526
seven thousand nine hundred two,7902
forty six thousand sixty five,46065
thirty one,31
eight hundred nine,809
nine hundred eleven thousand four hundred sixty five,911465
nine hundred forty two thousand nine hundred eighty eight,942988
eight hundred fifty six thousand six hundred twenty three,856623
two thousand three hundred seventy seven,2377
two hundred eighty six,286
seventy five thousand nine hundred eighty one,75981
sixty four,64
forty six thousand six hundred forty three,46643
four hundred fifty,450
sixteen thousand three hundred twenty six,16326
forty nine thousand five hundred seventy seven,49577
nine thousand four hundred forty seven,9447
seventy four thousand two hundred two,74202
eight thousand thirty two,8032
three thousand nine hundred sixty seven,3967
eight thousand seven hundred seventy six,8776
thirty six thousand one hundred sixteen,36116
sixty four thousand three hundred seventy seven,64377
ninety four thousand six hundred seven,94607
three hundred sixty three thousand eight hundred seventy eight,363878
three hundred forty seven thousand six hundred thirteen,347613
sixty thousand eight hundred sixty six,60866
five hundred sixty eight thousand twenty nine,568029
six hundred nineteen thousand seven hundred seventy four,619774
nine hundred sixty two,962
five hundred forty,540
one hundred twenty four thousand seven hundred seventy six,124776
three hundred ninety four,394
two hundred sixty seven thousand seven hundred six,267706
seventy eight thousand six hundred ninety,78690
seven thousand five hundred forty five,7545
forty two thousand five hundred sixty six,42566
one hundred twenty three,123
eighty two thousand one hundred three,82103
forty five thousand two hundred thirteen,45213
four thousand seven hundred forty four,4744
two hundred sixty six,266
four hundred seventy three,473
eighty eight thousand seven hundred eighty two,88782
two hundred eighty one thousand six hundred four,281604
five hundred ninety eight thousand two hundred seventy one,598271
five thousand four hundred fifty five,5455
five hundred twelve thousand four hundred twenty seven,512427
ninety three thousand two hundred twenty five,93225
nine hundred ninety,990
four hundred fifty seven,457
eight hundred eighty six,886
seventy three thousand six hundred forty five,73645
twenty two,22
sixty four thousand five hundred forty nine,64549
six hundred fifty seven,657
nine hundred sixty six thousand one hundred forty two,966142
eighty two thousand eight hundred fifty nine,82859
twelve thousand eight hundred fifty eight,12858
five thousand four hundred six,5406
three thousand one hundred seventeen,3117
five thousand nine hundred sixty,5960
sixty two,62
two hundred forty nine,249
two hundred thirty two,232
eight hundred ninety seven,897
four hundred forty five thousand two hundred thirty six,445236
seven hundred three,703
ninety five thousand nine hundred eighty two,95982
sixty one thousand four hundred ninety eight,61498
forty two thousand three hundred eighty two,42382
eighty five thousand two hundred seventy two,85272
fifty one thousand four hundred sixty five,51465
fifty three thousand six hundred twenty five,53625
one hundred sixty three,163
nine hundred thirty five thousand seven hundred eighty two,935782
four hundred nineteen,419
one hundred sixty five thousand fifteen,165015
fifty seven thousand eight hundred sixty five,57865
two hundred fifty five,255
five hundred twenty five,525
seven thousand three hundred eighty one,7381
ninety nine thousand three hundred thirty seven,99337
nine thousand seven hundred seven,9707
five hundred fifty three thousand four hundred fifty five,553455
seven hundred fifty three thousand eight hundred eighty eight,753888
two thousand three hundred seventy four,2374
eighty one thousand six hundred ninety six,81696
four hundred seven thousand nine hundred forty three,407943
three thousand nine hundred fourteen,3914
ninety seven thousand six hundred seventy,97670
twenty four,24
twelve thousand two hundred ninety four,12294
one thousand two hundred sixty three,1263
sixty three thousand eight hundred fifty five,63855
nine hundred sixty one thousand nine hundred thirty seven,961937
thirty nine thousand three hundred five,39305
one thousand five hundred sixty four,1564
five thousand two hundred ninety,5290
seven hundred thirty two,732
seven hundred seventy six,776
sixty five thousand one hundred twenty three,65123
seven thousand five hundred twenty five,7525
eight hundred,800
four thousand nine hundred sixty eight,4968
one thousand nine hundred seven,1907
six hundred sixty one,661
thirty seven,37
one hundred sixty,160
one thousand seventeen,1017
sixty three thousand one hundred thirty nine,63139
nine thousand three hundred eighteen,9318
four thousand three hundred five,4305
two hundred thirty nine thousand three hundred eighty eight,239388
one thousand seven hundred seven,1707
three hundred twenty three,323
seven hundred ninety seven thousand six hundred eleven,797611
four thousand eight hundred fourteen,4814
one thousand seven hundred seventeen,1717
one thousand three hundred nineteen,1319
ninety five,95
sixty six thousand six hundred one,66601
nine thousand two hundred eighty nine,9289
eight hundred twenty five thousand seven hundred twenty nine,825729
forty four thousand one hundred,44100
nine hundred eighty one thousand three hundred eighty seven,981387
eighty six thousand four hundred,86400
two hundred fifty four,254
five hundred ninety,590
five hundred eighty three,583
three hundred forty six,346
nine hundred eleven,911
five thousand eight hundred forty,5840
seven hundred twenty six,726
five hundred eleven,511
ninety four thousand eight hundred forty nine,94849
nine hundred eighty one thousand seven hundred seventeen,981717
sixty three,63
forty six thousand three hundred seventy four,46374
one hundred fifty four thousand three hundred fifty eight,154358
seven hundred ninety nine,799
four hundred ninety five,495
four thousand two hundred sixty seven,4267
ninety four,94
three,3
eighty thousand four hundred forty eight,80448
seven hundred six thousand three hundred seventy one,706371
ninety seven,97
two hundred eighteen,218
two thousand four hundred sixty five,2465
nine hundred thirty four,934
three thousand two hundred forty eight,3248
ninety four thousand four hundred seventy four,94474
thirty nine thousand three hundred thirty three,39333
nine thousand one hundred three,9103
forty thousand seven hundred seventy one,40771
nine thousand three hundred one,9301
ten,10
two hundred eighty two,282
four hundred twenty six,426
one hundred fourteen,114
two hundred ninety four thousand five hundred twenty three,294523
nine thousand four hundred twenty five,9425
one hundred fifty three,153
three hundred eight thousand eight hundred sixty five,308865
eight,8
fifty nine thousand two hundred ninety six,59296
twenty eight thousand five hundred seventy eight,28578
five hundred sixty thousand seven hundred forty one,560741
five hundred eighty eight thousand three hundred sixty seven,588367
five thousand four hundred seven,5407
forty five thousand five hundred twenty three,45523
five hundred ninety seven thousand five hundred eighty five,597585
thirty four thousand eight hundred eighty three,34883
twenty six,26
six thousand eight hundred forty two,6842
three thousand six hundred seventy four,3674
five hundred thirty seven thousand eighty nine,537089
sixteen thousand seven hundred sixty five,16765
three hundred forty six thousand three hundred forty five,346345
five thousand three hundred eighty eight,5388
three hundred sixteen,316
two thousand ninety one,2091
four hundred fifty two,452
three hundred sixty five,365
twelve thousand eight hundred fifty five,12855
seventy five thousand six hundred fifteen,75615
one thousand eight hundred twenty five,1825
one thousand two hundred thirty three,1233
forty five,45
two hundred seven thousand three hundred three,207303
three hundred thirty eight,338
eighty one thousand seven hundred ninety nine,81799
two thousand one hundred fifty eight,2158
two hundred ninety nine thousand nine hundred forty six,299946
forty nine thousand three hundred sixty seven,49367
seven hundred thirty nine,739
five thousand nine hundred eighty four,5984
seventy five thousand one hundred fifty two,75152
five hundred thirty seven thousand two hundred eighty six,537286
six hundred sixty three,663
thirty five thousand one hundred twenty six,35126
six hundred twenty seven,627
one hundred seventy five thousand six hundred seventy,175670
thirty five thousand four hundred forty three,35443
two thousand five hundred ten,2510
eight hundred ninety two thousand three hundred fifty eight,892358
two hundred eighteen thousand seven hundred four,218704
sixty,60
fifty four thousand three hundred nine,54309
six thousand six hundred eighty five,6685
seven hundred twenty nine thousand six hundred sixty two,729662
nine hundred three thousand fifty nine,903059
twenty eight thousand two hundred ninety seven,28297
five thousand five,5005
nine hundred sixty two thousand seven hundred twenty one,962721
nine hundred sixty nine,969
one thousand two hundred seventy five,1275
eight hundred fifty one thousand four hundred forty seven,851447
sixty thousand seven hundred four,60704
two thousand one hundred forty eight,2148
ten thousand one hundred seventy nine,10179
one thousand three hundred eight,1308
forty one thousand two hundred eighty two,41282
two hundred fifty two,252
six hundred twenty thousand six hundred sixty,620660
eighty,80
three hundred fifty seven thousand two hundred fifty seven,357257
seven hundred twenty five thousand eighty four,725084
eight hundred twenty four,824
eight hundred forty four,844
nine hundred eighty six thousand two hundred three,986203
ninety eight thousand eighty,98080
five hundred ninety seven thousand eight hundred twenty four,597824
thirty thousand eight hundred forty nine,30849
seven hundred eleven thousand five hundred twenty two,711522
thirteen thousand eight hundred thirty seven,13837
two hundred fifty three,253
five hundred three,503
nine thousand four hundred thirty four,9434
seventy nine,79
five thousand one hundred eighty seven,5187
nine thousand one hundred ten,9110
eight hundred seventy three thousand nine hundred nineteen,873919
one hundred sixty eight,168
three hundred ten,310
one thousand six hundred eighty two,1682
three hundred sixty three thousand two hundred forty one,363241
three hundred one,301
four hundred thirty three,433
sixty seven thousand three hundred thirty four,67334
seventy three thousand six hundred seventy four,73674
nine,9
nine hundred ten thousand three hundred forty nine,910349
eight hundred ninety six thousand four hundred sixty three,896463
one thousand five hundred ten,1510
three hundred twenty eight,328
three hundred forty five thousand five hundred seventy two,345572
six hundred thirty,630
two thousand six hundred one,2601
nine thousand four hundred seventy seven,9477
seven hundred fifty eight,758
two thousand fifty three,2053
eight hundred seventy one,871
eighty seven thousand two hundred twenty four,87224
eight hundred six,806
five thousand fifty seven,5057
two hundred twenty nine thousand seven hundred seventeen,229717
nine thousand six hundred thirty two,9632
five thousand three hundred thirty two,5332
twenty nine,29
one hundred forty two thousand six hundred twenty four,142624
six hundred seventeen thousand four hundred forty four,617444
four hundred sixty eight thousand five hundred thirty nine,468539
five hundred eighty six thousand five hundred ninety two,586592
fifty,50
one hundred eighty three thousand two hundred sixteen,183216
eight hundred twenty three thousand seventy four,823074
four hundred sixty two,462
twenty thousand six hundred twenty eight,20628
eight hundred eighteen,818
seventy eight thousand nine hundred eighty,78980
seven hundred sixty two thousand three hundred forty five,762345
sixty one thousand six hundred ninety,61690
seventy one thousand one hundred twenty four,71124
five hundred fifteen thousand six hundred eleven,515611
seven thousand two hundred ninety seven,7297
eight hundred three,803
nine hundred sixty six,966
four hundred seventy nine thousand four hundred thirty six,479436
nine thousand two hundred sixty three,9263
thirty thousand two hundred thirty four,30234
nine hundred forty one,941
five thousand four hundred thirty two,5432
eight hundred ninety eight,898
five hundred eighty three thousand one hundred sixty four,583164
three thousand six hundred sixty seven,3667
six hundred five,605
twelve,12
seven hundred sixty eight,768
forty one,41
seventy four thousand six hundred eleven,74611
five hundred,500
eight thousand three hundred ninety five,8395
six thousand nine hundred ninety nine,6999
thirty three,33
two hundred ninety eight thousand seven hundred eighty one,298781
four thousand seven hundred eighty,4780
twenty five thousand six hundred ninety four,25694
three hundred forty five thousand two hundred twenty six,345226
three hundred eighteen thousand four hundred sixty one,318461
one thousand three hundred two,1302
eight hundred eighty nine thousand four hundred fifty seven,889457
two hundred ninety one thousand eight hundred twenty five,291825
nineteen,19
five thousand three hundred twelve,5312
six hundred seventy nine,679
seventy four thousand four hundred forty seven,74447
four hundred twenty three thousand six hundred ninety four,423694
three hundred ninety two thousand nine hundred sixty eight,392968
seven hundred fifteen,715
two thousand three hundred seventy two,2372
eight hundred seventy four thousand three hundred sixty,874360
three thousand five hundred eighty one,3581
two hundred forty two,242
forty two thousand six hundred seventy nine,42679
forty seven thousand nine hundred eighty eight,47988
seven hundred four,704
ninety eight thousand five hundred sixty six,98566
two thousand eighty two,2082
eight hundred sixty,860
seven thousand four hundred forty,7440
seven thousand four hundred fifty four,7454
four hundred twenty six thousand nine hundred seventy four,426974
eight hundred fifty six,856
five hundred eight,508
four hundred sixty seven,467
ninety five thousand five hundred sixty six,95566
five thousand four hundred thirty,5430
six thousand one hundred seventy seven,6177
sixty eight thousand nine hundred ten,68910
four hundred five,405
thirty four,34
seven hundred,700
five hundred eighty five,585
four hundred six thousand three hundred,406300
five hundred thirty thousand seven hundred fifty six,530756
three hundred thirteen,313
two hundred thirty three,233
ninety eight thousand four hundred three,98403
one hundred eighty two thousand forty two,182042
seven thousand six hundred sixteen,7616
five thousand one hundred three,5103
five hundred one,501
five thousand two hundred thirty seven,5237
four thousand five hundred ninety seven,4597
nine thousand seven hundred thirty seven,9737
seven hundred eighty one thousand one hundred ninety seven,781197
seven hundred fifty thousand four hundred thirty nine,750439
twenty eight thousand one hundred sixty two,28162
one thousand four hundred fifty six,1456
nine hundred fifty two,952
two thousand two hundred nineteen,2219
four thousand two hundred ninety two,4292
one thousand six hundred forty eight,1648
three thousand two hundred forty six,3246
seventy six thousand four hundred three,76403
eighty six thousand nine hundred sixty two,86962
four hundred fifty eight,458
seven hundred eighty two,782
ninety four thousand eight hundred twenty five,94825
sixty one,61
nine hundred seventeen thousand six hundred twenty seven,917627
four hundred sixty three,463
nine hundred thirty nine,939
eight thousand nine hundred three,8903
thirteen thousand two hundred fifty five,13255
four hundred seventy,470
forty one thousand seven hundred sixty six,41766
seven hundred ten,710
one hundred sixty seven thousand eight hundred seventy seven,167877
nine thousand nine hundred sixty three,9963
forty three thousand one hundred eighty nine,43189
nine thousand two hundred thirty seven,9237
forty three,43
four hundred eighteen thousand forty eight,418048
four thousand seven hundred sixty one,4761
nine thousand six hundred seventeen,9617
two thousand four hundred eighty eight,2488
seven hundred thirty five thousand thirty four,735034
fifty one thousand eight hundred forty nine,51849
nine thousand ninety two,9092
four hundred seventy two,472
five hundred eighty six thousand four hundred fifty,586450
five hundred ninety six,596
eighteen thousand five hundred sixteen,18516
one hundred four thousand seven hundred ten,104710
one hundred eighty eight thousand one hundred sixty six,188166
nine hundred fifty nine thousand eight hundred thirty seven,959837
three hundred twenty three thousand two hundred ninety three,323293
six hundred thirteen,613
six hundred twenty nine,629
seven hundred seventy one,771
nine hundred fifty four thousand three hundred seventy nine,954379
nine thousand seven hundred ninety one,9791
three hundred fifty eight,358
seventy eight,78
forty nine thousand twenty nine,49029
seventy six thousand six hundred eighty two,76682
three hundred fifteen thousand one hundred eighty seven,315187
two hundred twelve,212
three hundred eighty five,385
three thousand one hundred eighty,3180
eighty seven,87
fifty five thousand eighty three,55083
eight hundred forty four thousand two hundred forty nine,844249
two hundred sixty two,262
ninety two thousand one hundred thirteen,92113
five hundred eighty four,584
ninety three,93
two thousand one hundred eighty six,2186
two thousand thirty eight,2038
six thousand three hundred,6300
one hundred eighty two thousand eight hundred fifty three,182853
eighty one thousand nine hundred sixty eight,81968
nine hundred eighty seven,987
two thousand seven hundred forty one,2741
three thousand five hundred thirty,3530
two hundred ten thousand three hundred thirty two,210332
nine thousand six hundred ninety five,9695
ninety eight,98
seventy five thousand two hundred fifty nine,75259
sixty two thousand three hundred ninety six,62396
three thousand four hundred forty seven,3447
seven hundred sixty two,762
five thousand six hundred fifty five,5655
three hundred sixty six thousand three hundred ninety seven,366397
two thousand seven hundred eighteen,2718
five hundred ninety one,591
six hundred fifty four,654
sixty four thousand two hundred forty eight,64248
three hundred three thousand five hundred ninety three,303593
five thousand nine hundred ninety seven,5997
five hundred thirty five thousand five hundred sixty two,535562
fourteen,14
sixty seven thousand one hundred seventy eight,67178
eight hundred eighty two thousand six hundred ninety six,882696
seventy one thousand three hundred sixty one,71361
three thousand four,3004
eighty two,82
seven thousand six hundred fifty one,7651
four thousand nine hundred six,4906
five hundred ninety thousand three hundred thirty,590330
six hundred forty five,645
one hundred four,104
two thousand nine hundred ninety two,2992
six thousand nine hundred sixty six,6966
eight thousand nine hundred eighty three,8983
twenty seven thousand three hundred eighty,27380
three hundred forty six thousand nine hundred forty three,346943
four hundred nine thousand two hundred fifty nine,409259
three hundred ten thousand one hundred forty nine,310149
seven thousand nine hundred eighteen,7918
five hundred seven,507
six hundred sixty four thousand seven hundred twenty five,664725
eight thousand three hundred four,8304
eight hundred eight,808
four thousand six hundred sixty five,4665
six thousand two hundred eighteen,6218
one hundred ninety three,193
seven,7
four thousand nine hundred forty two,4942
seven thousand one hundred seventy,7170
ninety two thousand six hundred ninety two,92692
eight hundred fifteen thousand seven hundred twenty three,815723
one thousand eight hundred thirty one,1831
four hundred seventy three thousand nine hundred fifty two,473952
one thousand six hundred five,1605
two hundred forty seven,247
twelve thousand six hundred thirty two,12632
seven thousand eight hundred twenty six,7826
ninety nine thousand four hundred,99400
seventeen thousand two hundred forty nine,17249
four thousand three,4003
eight thousand four hundred eleven,8411
eight hundred ninety seven thousand four hundred eleven,897411
five hundred eighty one,581
twenty thousand thirteen,20013
eight hundred eighty three thousand five hundred eighty seven,883587
five thousand nine hundred nine,5909
five hundred fifty seven,557
one hundred fifty two thousand eight hundred thirty eight,152838
five hundred eighty nine,589
one hundred eighty eight,188
three hundred thirty seven,337
one hundred twelve,112
fifty seven thousand two hundred seventy eight,57278
one hundred,100
thirty seven thousand six hundred eighteen,37618
four hundred fifty five thousand five hundred forty,455540
six hundred ninety one,691
three hundred forty five,345
five hundred fifty one,551
eight hundred ninety five thousand six hundred sixty four,895664
eighty two thousand one hundred forty,82140
four hundred seventy eight,478
nine thousand two hundred forty,9240
one thousand fifty four,1054
two thousand five hundred six,2506
two hundred seventy one,271
six hundred five thousand eighty eight,605088
three hundred sixty nine,369
sixty five thousand fifty two,65052
three hundred eighty six,386
ninety four thousand three hundred six,94306
sixty eight thousand nine hundred seventy seven,68977
eighty two thousand two hundred eighty six,82286
five thousand five hundred seventy two,5572
three hundred fifty seven,357
eight thousand seven hundred sixty three,8763
six hundred twenty eight,628
one hundred thirty three thousand four hundred forty two,133442
three hundred eighty nine thousand nineteen,389019
six thousand four hundred thirty one,6431
one thousand nine hundred forty two,1942
sixty nine thousand three hundred seventy three,69373
three hundred seventy seven thousand seven hundred fifty eight,377758
one hundred eighty four thousand six hundred eighty six,184686
eight hundred fifty thousand three hundred thirty,850330
two hundred five thousand four hundred twenty six,205426
six thousand six hundred ninety four,6694
seventy three thousand three hundred thirty one,73331
three thousand three hundred seventy one,3371
three hundred seven thousand seven hundred one,307701
fifty eight thousand seven hundred eighty seven,58787
eight thousand four hundred eighty six,8486
nineteen thousand two hundred twenty one,19221
forty thousand four hundred eighty four,40484
three hundred fifty seven thousand eight hundred ninety six,357896
six thousand three hundred fifty eight,6358
three hundred thirty two thousand one hundred ninety nine,332199
eighty three thousand forty nine,83049
ninety thousand five hundred ninety eight,90598
one thousand two hundred fifty one,1251
six thousand three hundred eighty nine,6389
four thousand two hundred seven,4207
eighty four thousand six hundred sixty,84660
five hundred five,505
four hundred eighty five,485
four hundred twenty nine thousand four hundred sixty two,429462
twenty six thousand four hundred sixty nine,26469
three thousand six hundred forty five,3645
eighty one,81
six hundred seventy nine thousand four hundred thirty seven,679437
seven thousand four hundred twenty eight,7428
fifty thousand eight hundred fifty one,50851
one hundred seventy eight thousand seven hundred sixty five,178765
thirty one thousand one hundred eighty eight,31188
six thousand four hundred thirty five,6435
forty five thousand four hundred twenty,45420
five thousand sixty six,5066
twenty one thousand two hundred fifty three,21253
fifty seven thousand two hundred four,57204
four hundred fifty five,455
forty nine thousand eight hundred seventeen,49817
five hundred fifty thousand eight hundred twenty two,550822
thirty seven thousand five hundred twenty five,37525
one hundred three thousand nine hundred fifty four,103954
three hundred nine,309
ninety five thousand one hundred fifty,95150
two hundred ninety three thousand forty seven,293047
thirty eight thousand eight hundred thirty nine,38839
six thousand forty two,6042
fifty seven thousand one hundred twenty seven,57127
six hundred sixty seven thousand eight hundred thirty four,667834
nine thousand one hundred ninety three,9193
five hundred ten,510
four thousand three hundred seventy two,4372
fifty four,54
nine thousand seven hundred one,9701
six hundred ninety seven,697
zero,0
fifty seven thousand four hundred eighty nine,57489
eight hundred sixty six,866
seven hundred twenty eight,728
three thousand one hundred twenty six,3126
three hundred seventy seven thousand eight hundred ninety five,377895
ninety two thousand seven hundred ninety four,92794
eight hundred fifty seven,857
forty thousand three hundred twenty seven,40327
nine thousand six hundred seventy,9670
sixty six,66
five hundred ninety nine,599
two thousand four hundred seventy,2470
eight thousand five hundred twenty seven,8527
ten thousand four hundred seventy,10470
three hundred sixty nine thousand five hundred,369500
five hundred sixty nine,569
one hundred sixty seven thousand nine hundred fifty two,167952
four thousand two hundred fifty four,4254
seventy two thousand thirty two,72032
twenty four thousand seven hundred sixty eight,24768
three thousand three hundred forty two,3342
fifty eight thousand nine hundred thirty five,58935
eight thousand five hundred forty two,8542
sixty two thousand two hundred,62200
eight thousand four hundred thirty four,8434
nine thousand two hundred eighty four,9284
ninety three thousand three hundred ninety nine,93399
five hundred ten thousand seven hundred eleven,510711
six thousand three hundred forty,6340
ninety four thousand six hundred forty five,94645
one hundred forty two thousand three hundred twenty two,142322
seven hundred twenty seven,727
seven hundred fifty four,754
twenty five,25
eight hundred sixty eight thousand three hundred sixteen,868316
eight thousand seventy,8070
three hundred ninety nine,399
one hundred fifty one thousand six hundred fifty,151650
two hundred twenty two,222
seventy five thousand three hundred fourteen,75314
four hundred forty seven thousand eight hundred ten,447810
eight hundred forty eight,848
eight hundred seventy five thousand thirty three,875033
four hundred seventeen,417
one thousand one hundred eighty nine,1189
four hundred eighty one thousand nine hundred forty two,481942
one thousand two hundred four,1204
three thousand one hundred eighty six,3186
seven hundred eighty one thousand ninety eight,781098
forty four thousand eight hundred twenty nine,44829
forty nine,49
eight hundred six thousand eight hundred fifty four,806854
five hundred five thousand two hundred ninety,505290
one hundred seventy two,172
eight hundred ninety three,893
two hundred fifty eight thousand six hundred sixty five,258665
forty three thousand three,43003
nine thousand two hundred eighty two,9282
four hundred thirty one thousand eight hundred fifty seven,431857
eighty six thousand two hundred fourteen,86214
six hundred seventy one thousand seventy one,671071
sixty eight thousand eight hundred forty four,68844
eight hundred seventy three thousand one hundred thirty five,873135
two thousand three hundred ninety four,2394
fifty eight,58
two hundred twelve thousand four hundred seventy one,212471
sixty nine,69
fifty two thousand five hundred thirty nine,52539
seventy two,72
one thousand nine hundred ninety three,1993
sixty one thousand three hundred seventeen,61317
forty nine thousand four hundred thirty one,49431
eight hundred twenty three,823
seventy three,73
forty seven,47
fifteen,15
thirty five thousand six hundred fifty six,35656
three hundred eighty thousand six hundred sixty eight,380668
one hundred sixty two,162
nine hundred sixty one thousand four hundred eighty two,961482
two thousand two hundred fifty seven,2257
three hundred fifty nine thousand three hundred twenty,359320
five hundred seventy two,572
forty six thousand nine hundred twenty nine,46929
twenty eight,28
six hundred thirty one thousand nine hundred sixty eight,631968
one hundred fifty five,155
five thousand three hundred twenty eight,5328
seventy seven,77
seven hundred thirty nine thousand seven hundred thirty four,739734
eight thousand eight hundred forty eight,8848
eight thousand eight hundred thirty two,8832
eight hundred ninety four,894
two hundred seventy four,274
one thousand three hundred sixty eight,1368
six hundred forty,640
fifty one thousand three hundred sixty six,51366
seventy nine thousand three hundred sixty six,79366
sixteen,16
six hundred thirty six thousand seven hundred fifty,636750
fifty four thousand three hundred thirty eight,54338
two hundred fourteen thousand two hundred fifty,214250
four thousand six hundred forty three,4643
two thousand four hundred fifty one,2451
one thousand seven hundred forty one,1741
one hundred twenty five thousand four hundred thirty four,125434
fifty one thousand four hundred twenty eight,51428
five thousand nine hundred eighty seven,5987
eight thousand four hundred eight,8408
one hundred twenty seven,127
five thousand six,5006
six hundred thirty nine,639
nine thousand three hundred twenty five,9325
four hundred forty eight,448
seven hundred sixty five,765
thirty two thousand three hundred eighty two,32382
twenty one thousand one hundred forty one,21141
five hundred fifteen thousand three hundred nine,515309
five hundred twelve thousand five hundred seventy two,512572
one hundred nine thousand one hundred twenty eight,109128
four hundred ninety thousand three hundred eighteen,490318
seven hundred ninety two,792
forty,40
nineteen thousand five hundred eighty six,19586
fifty one,51
two hundred sixty eight thousand four hundred ninety eight,268498
forty eight thousand one hundred twenty three,48123
four hundred ninety seven,497
eight hundred forty six thousand six hundred twenty two,846622
fifty eight thousand five hundred twenty five,58525
sixty nine thousand eighty two,69082
nine hundred twenty one thousand nine hundred eight,921908
three hundred seventeen thousand four hundred seventy seven,317477
six thousand four hundred ninety four,6494
five hundred sixty three thousand nine hundred twenty six,563926
one hundred twenty eight,128
forty four,44
sixty six thousand one hundred five,66105
four hundred ninety thousand eight hundred nineteen,490819
fifty three thousand four hundred twenty seven,53427
fifty five thousand forty four,55044
three hundred seventeen,317
three hundred fifty three,353
forty six,46
forty seven thousand four hundred twenty six,47426
nine hundred eighty six,986
three hundred four,304
twenty four thousand two hundred seventy two,24272
eight hundred fifty eight,858
nine hundred seventeen,917
nine hundred seventy nine thousand eight hundred eighty eight,979888
seventy thousand one hundred fifty eight,70158
six hundred twenty two thousand six hundred eighty nine,622689
eleven,11
seven thousand nine hundred sixty eight,7968
twenty six thousand six hundred eighty six,26686
one thousand two hundred ninety six,1296
five hundred seventy one thousand four hundred eighty three,571483
four,4
four thousand thirty six,4036
twenty three thousand three hundred thirty one,23331
seven thousand eight hundred forty four,7844
fifty four thousand eight hundred twenty,54820
seventy six thousand nine hundred seventy two,76972
two hundred fifty three thousand four hundred ninety three,253493
nine hundred forty four thousand seven hundred ninety four,944794
eight hundred thirty nine,839
ninety four thousand four hundred eighty five,94485
two hundred ninety seven thousand three hundred ninety four,297394
four hundred thirty nine thousand fourteen,439014
seven hundred ninety six,796
seventy eight thousand four hundred sixty seven,78467
sixty thousand four hundred five,60405
eight thousand six hundred sixty three,8663
seventy four thousand one hundred seventy four,74174
one hundred thirty one thousand seven hundred fifty three,131753
five thousand twenty five,5025
seventy seven thousand seven hundred three,77703
nine thousand seven hundred sixty eight,9768
seventy nine thousand two hundred thirty nine,79239
two hundred three,203
forty three thousand seven hundred nineteen,43719
four hundred eighty nine,489
six hundred eighty,680
twenty thousand twenty two,20022
four thousand five hundred sixty nine,4569
one hundred seven thousand eighty one,107081
two hundred twenty seven thousand fifty,227050
seven hundred eighty four thousand one hundred sixty two,784162
nine hundred twenty eight thousand one hundred sixty four,928164
sixty seven,67
one hundred sixty five thousand nine hundred four,165904
eight hundred thirty nine thousand five hundred fifteen,839515
two hundred ninety five,295
eight thousand seventeen,8017
eighty three,83
seven thousand two hundred forty,7240
forty eight,48
fifty five,55
five,5
eight hundred seven,807
four hundred sixty four,464
five thousand seven hundred fifty,5750
thirty six thousand six hundred sixty four,36664
six thousand six hundred fourteen,6614
nine thousand sixteen,9016
three hundred six thousand eight hundred ninety six,306896
nine thousand ninety six,9096
seventy one thousand sixty six,71066
six thousand nine hundred nine,6909
five hundred thirty,530
nine thousand two hundred sixty nine,9269
fourteen thousand two hundred twenty six,14226
seventy thousand nine hundred four,70904
seventy one,71
twenty one,21
three hundred ninety three thousand three hundred ninety eight,393398
eight hundred eighty four thousand three hundred ten,884310
eight thousand two hundred forty three,8243
two hundred ninety eight,298
four hundred eight thousand two hundred one,408201
twenty one thousand eight hundred thirty six,21836
seventy thousand three hundred eighty three,70383
one hundred eighty four,184
twenty three thousand forty four,23044
eighty six,86
sixty eight,68
three thousand nine hundred seventy four,3974
three hundred three thousand three hundred fifty three,303353
sixty one thousand one hundred thirty nine,61139
eight hundred twelve,812
seventy five thousand two hundred ninety two,75292
eighteen,18
four hundred thirty five thousand seventy one,435071
five hundred twenty nine,529
two thousand nine hundred ninety three,2993
four hundred ninety one thousand eighty eight,491088
five thousand seven hundred seven,5707
two thousand eleven,2011
three hundred twelve,312
two hundred forty,240
four thousand seven hundred sixty seven,4767
four hundred forty,440
nine thousand four hundred four,9404
five thousand one hundred forty six,5146
eight hundred sixty seven,867
five thousand six hundred nineteen,5619
one hundred nineteen,119
one thousand eight hundred ninety one,1891
three hundred ninety one,391
five hundred seventy four,574
six hundred thirty six,636
six hundred fifty one thousand eight hundred seventy four,651874
six,6
thirty,30
thirty eight,38
ninety nine,99
seventy one thousand nine hundred eighty nine,71989
two hundred thirty nine thousand one hundred fifty three,239153
nine hundred eighty eight thousand one hundred thirty,988130
six thousand one hundred eleven,6111
one hundred sixty five thousand six hundred nineteen,165619
thirteen,13
two hundred fourteen thousand three hundred three,214303
two hundred forty four,244
nine thousand nine hundred forty four,9944
two thousand five hundred forty two,2542
six thousand nine hundred ninety five,6995
four thousand two hundred forty eight,4248
one hundred fifty six thousand nine hundred ninety eight,156998
eight hundred twenty,820
seven hundred seventy four,774
one hundred eighty seven,187
eighty eight,88
seventy one thousand eight hundred ninety,71890
two,2
eighty one thousand nine hundred eighty eight,81988
four hundred forty three thousand seven hundred twenty three,443723
three hundred two thousand four hundred two,302402
nineteen thousand seven hundred seventy nine,19779
six hundred nineteen thousand eight hundred forty six,619846
three thousand two hundred eighty two,3282
forty nine thousand five hundred twenty,49520
thirty eight thousand five hundred thirty three,38533
eight hundred twenty seven,827
one hundred thirty five thousand five hundred eight,135508
four thousand five hundred twenty five,4525
two hundred ninety four thousand seven hundred fifty eight,294758
eight hundred thirty two,832
two hundred seventy seven thousand four hundred eighty two,277482
one hundred thirty eight thousand eight hundred twenty one,138821
three hundred five thousand two hundred twenty two,305222
six hundred seventy two,672
two hundred sixty five,265
four hundred forty two thousand one hundred ninety,442190
three hundred eighty five thousand five hundred forty two,385542
thirty one thousand nine hundred thirty two,31932
nine hundred three thousand nine hundred nine,903909
four hundred ninety two thousand forty five,492045
two hundred eighty,280
six thousand three hundred forty three,6343
nine thousand four hundred ninety two,9492
five thousand five hundred thirty seven,5537
one hundred twenty nine,129
two thousand seven hundred thirty eight,2738
fifty nine thousand three hundred ninety six,59396
three hundred forty four thousand two hundred five,344205
four hundred eight thousand fifty two,408052
twenty four thousand six hundred ninety seven,24697
five hundred twenty seven thousand five hundred sixty three,527563
five thousand eight hundred one,5801
six hundred fourteen,614
five hundred fifty six,556
sixty five thousand six hundred sixteen,65616
sixty three thousand nine hundred seventy six,63976
twenty eight thousand four hundred forty two,28442
three thousand four hundred forty eight,3448
seven thousand six hundred thirty,7630
seven thousand two hundred fifty two,7252
three thousand one hundred twenty two,3122
forty six thousand five hundred seventeen,46517
eight hundred sixty thousand six hundred thirteen,860613
seven hundred twenty three,723
twenty three thousand thirty four,23034
nine hundred six thousand seventy four,906074
seventy four,74
two thousand three hundred eighty four,2384
thirty seven thousand two hundred forty six,37246
seven hundred twenty five,725
eight hundred forty five,845
twenty one thousand nine hundred thirty nine,21939
sixty four thousand one hundred four,64104
seven hundred seventy,770
one thousand six hundred ninety one,1691
ninety seven thousand four hundred seventy one,97471
two hundred sixty thousand seven hundred sixty nine,260769
seventy three thousand seven hundred nineteen,73719
three hundred twenty five,325
seven hundred twenty three thousand six hundred ninety five,723695
forty five thousand two hundred twenty eight,45228
seven hundred twenty four,724
two thousand one hundred eighty eight,2188
three hundred ninety five thousand twenty one,395021
six hundred forty nine,649
six hundred ninety four thousand four hundred twenty one,694421
one thousand nine hundred thirty,1930
seven hundred seventy three,773
six hundred fifty six,656
eight thousand seven hundred seventy eight,8778
four thousand eight hundred forty six,4846
four hundred ninety three thousand eight hundred eleven,493811
one thousand six hundred eighty five,1685
nine hundred twelve,912
six hundred fifty thousand two hundred ninety,650290
eight thousand three hundred twenty four,8324
one hundred one,101
one hundred seventy thousand seven hundred eight,170708
six thousand seventy one,6071
nine hundred forty one thousand five hundred fifty three,941553
eight hundred eighty one,881
four thousand one hundred four,4104
eleven thousand five hundred thirty six,11536
six hundred sixty two,662
nine thousand three hundred ninety two,9392
seven hundred ninety three,793
three thousand five hundred forty three,3543
four hundred ninety eight thousand five hundred ninety four,498594
six hundred four,604
five thousand five hundred forty one,5541
five hundred ninety five,595
three hundred eighty four,384
fifty three,53
seven hundred nineteen,719
sixty three thousand two hundred forty two,63242
one hundred forty five thousand seven hundred two,145702
seven hundred eighty four,784
six hundred forty seven,647
three thousand four hundred fifteen,3415
two hundred twenty eight,228
five hundred eighty three thousand three hundred thirteen,583313
four hundred fifty one thousand two hundred forty two,451242
thirty six,36
three hundred four thousand four hundred ten,304410
nine hundred fifty one thousand two hundred fifty nine,951259
fifty thousand two hundred ninety one,50291
seven hundred forty nine,749
sixty two thousand four hundred thirty four,62434
seventy eight thousand seven hundred thirty eight,78738
ninety six thousand seven hundred sixty six,96766
two hundred ninety nine,299
five hundred forty seven thousand two hundred seventy four,547274
two hundred twenty five,225
eighteen thousand one hundred thirty four,18134
one hundred sixty three thousand fifty six,163056
two hundred eighty seven,287
four hundred twenty six thousand eight hundred fifty seven,426857
nine hundred fourteen thousand sixty eight,914068
five thousand two hundred sixty eight,5268
two hundred ninety six thousand four hundred twelve,296412
five hundred forty thousand five hundred ninety three,540593
one,1
seventy,70
five hundred fifty,550
seventy two thousand two hundred ninety nine,72299
three hundred sixty thousand sixty,360060
thirty nine thousand eight hundred sixty three,39863
twenty thousand five hundred sixty one,20561
thirty five thousand two hundred nineteen,35219
twenty six thousand seven hundred seventy two,26772
one thousand two hundred ninety seven,1297
four thousand three hundred sixty two,4362
sixty nine thousand nine hundred forty two,69942
five thousand one hundred thirty one,5131
six hundred twenty nine thousand four hundred three,629403
forty one thousand nine hundred ninety two,41992
two hundred fifty,250
twenty five thousand five hundred thirty two,25532
three hundred forty two thousand three hundred forty,342340
forty two,42
nine thousand three hundred ninety one,9391
eight thousand three hundred two,8302
five hundred forty four,544
four hundred seventy five,475
forty seven thousand four hundred thirty seven,47437
four hundred forty one thousand five hundred eighty two,441582
seven hundred ninety six thousand seven hundred,796700
four hundred eleven thousand eight hundred fifty two,411852
fifty four thousand three hundred twenty eight,54328
thirty two,32
eight thousand two hundred sixteen,8216
two hundred twenty three,223
eight hundred forty four thousand three hundred forty,844340
nine thousand three hundred nineteen,9319
thirty eight thousand three hundred six,38306
two thousand eight hundred forty eight,2848
two hundred fifty nine,259
five hundred sixty seven,567
sixty six thousand twenty three,66023
eight hundred thirty three,833
five thousand one hundred sixty,5160
seven hundred ninety six thousand seven hundred five,796705
eighty five,85
four hundred thirty seven,437
five thousand three hundred twenty one,5321
five thousand two hundred fifty three,5253
six hundred eighty eight thousand three hundred eighty six,688386
nineteen thousand eight hundred fifty two,19852
five hundred seventy seven,577
nine hundred thirty eight,938
two hundred one thousand one hundred six,201106
one hundred sixty eight thousand five hundred five,168505
two hundred thirty four,234
three hundred fifty nine thousand four hundred forty eight,359448
ten thousand two hundred twenty eight,10228
eight hundred fifty two,852
nine hundred thirty seven,937
seven hundred fifty five thousand seven hundred eighty eight,755788
forty seven thousand five hundred thirteen,47513
nine hundred seventy two,972
sixty thousand one hundred seventy nine,60179
five hundred ninety four,594
five hundred sixty eight thousand six hundred seventy four,568674
three hundred seventy two thousand nine hundred eighty one,372981
twenty seven,27
three hundred thirty two,332
one hundred twenty one,121
five hundred eighty seven thousand seven hundred seven,587707
thirteen thousand eight hundred two,13802
forty two thousand five hundred sixty five,42565
two hundred six,206
three hundred seventy one,371
eighty four thousand six hundred thirty,84630
five hundred seventy six,576
eleven thousand three hundred seventy one,11371
nine hundred sixty eight thousand one hundred forty two,968142
five hundred seventy thousand seventy three,570073
twenty two thousand one hundred thirty seven,22137
thirty two thousand eight hundred ninety seven,32897
nine thousand five hundred seventy two,9572
sixty six thousand sixty five,66065
eighty nine,89
twenty four thousand two hundred ninety two,24292
seventy nine thousand one hundred eighty seven,79187
forty six thousand seven hundred eighty three,46783
seven hundred eighty five thousand sixty two,785062
seven hundred ninety seven,797
twenty nine thousand nine hundred thirty one,29931
five thousand three hundred fifty,5350
three thousand three hundred fifty seven,3357
twenty six thousand six hundred seventy eight,26678
one thousand fifty nine,1059
seventy eight thousand seven hundred three,78703
two hundred five,205
five hundred ninety three,593
seven hundred thirty six thousand seven hundred fifty two,736752
two hundred thirty,230
five hundred forty one thousand five hundred thirteen,541513
thirty six thousand four hundred ninety five,36495
one hundred twenty six,126
sixty eight thousand four hundred thirty nine,68439
six hundred eight,608
four hundred ninety seven thousand eleven,497011
seven hundred fifty four thousand nine hundred forty two,754942
one hundred ninety two thousand twenty three,192023
ninety two,92
nine hundred fifty eight thousand eight hundred ninety one,958891
three hundred eighty eight,388
one thousand seven hundred sixty five,1765
eight thousand nine hundred five,8905
sixteen thousand four hundred nineteen,16419
fifty thousand eight hundred ninety six,50896
forty seven thousand nine hundred fifty six,47956
eighty four,84
two thousand one hundred ninety eight,2198
twenty,20
eight thousand eighty,8080
four thousand four hundred eighty four,4484
seventy six,76
four hundred forty five,445
sixty one thousand six hundred fifty two,61652
sixty nine thousand ninety five,69095
fifty nine,59
eight thousand five hundred fourteen,8514
twenty five thousand seven hundred thirty four,25734
seven hundred sixteen,716
sixty five,65
three thousand two hundred eighty nine,3289
thirty nine thousand seven hundred twenty five,39725
six hundred twenty two,622
four hundred eighty thousand six hundred six,480606
